filename,summary
5-greenfield-income-report-2020.md,"Greenfield Groceries earned a total revenue of $2.5 million in 2020, with product sales accounting for $2.4 million. The company also achieved income from online sales, deli and prepared foods, and catering services. After deducting expenses such as COGS, wages, rent, marketing, maintenance, and insurance, Greenfield Groceries had a net income (profit) of $350,000."
7-greenfield-terms-and-conditions.md,"Greenfield Grocery Online Shop Terms and Conditions include details about accepting the terms, product selection and pricing, the ordering process, payment methods, delivery services, returns and refunds, product quality and warranty, privacy policy, intellectual property rights, and contact information for further inquiries. Any changes to the terms and conditions will be effective immediately upon posting on the website."
8-greenfield-faq.md,"Greenfield Groceries offers online shopping with various payment methods accepted and delivery to specific areas. Delivery charges, estimated delivery times, and customer support contact details are provided. They have a Returns and Refunds Policy and assure customers of fresh and high-quality products. Social media profiles are also available."
3-greenfield-career.md,"Greenfield Groceries is hiring for various positions, including cashiers, stock clerks, produce associates, deli counter staff, bakery staff, assistant store managers, and delivery drivers. They offer competitive compensation packages and benefits, and are committed to fostering a positive and inclusive work environment. Interested individuals can apply online or in person at the store."
6-greenfield-income-report-2021.md,"Greenfield Groceries had a total revenue of $2.8 million in 2021. The majority of their income came from product sales, with online sales also contributing to their revenue. After deducting expenses, their net income was $400,000."
9-greenfield-staff.md,"Greenfield Grocery has a dedicated team of staff members who are committed to providing exceptional service. From the Store Manager and Assistant Store Manager to the Head Cashier, Deli Manager, Bakery Supervisor, Delivery Coordinator, and Customer Service Representative, each team member plays a crucial role in ensuring a positive shopping experience for customers."
2-greenfield-products.md,"Greenfield Groceries offers a wide selection of locally sourced and high-quality products at competitive prices. From fresh fruits and vegetables to dairy products, meats, and pantry staples, customers can find everything they need for their cooking and snacking needs. Visit Greenfield Groceries today to experience the quality and freshness of their products."
1-greenfield-groceries-description.md,"Greenfield Groceries is a grocery store located in Greenfield Village that offers a wide variety of products, including fresh produce, dairy products, and household essentials. They pride themselves on their commitment to providing top-quality goods at competitive prices and offer both in-store shopping and online ordering with delivery services."
4-greenfield-food-recipes.md,"The text provides three recipes: Apple Spinach Salad with Honey Mustard Dressing, Creamy Scrambled Eggs with Spinach, and Tuna Pasta Salad. The recipes include a list of ingredients and step-by-step directions for each dish."
